<?xml version="1.0" encoding="UTF-8" standalone="yes"?>
<addon id="script.module.extinfo"
       name="extinfo"
       version="1.0.0"
       provider-name="rootcoder">
  <requires>
    <import addon="xbmc.python" version="3.0.0"/>
    <import addon="script.module.requests" version="2.25.1+matrix.1"/>
  </requires>
  <extension point="xbmc.python.module" library="lib" />
  <extension point="xbmc.addon.metadata">
    <summary lang="en_GB">TMDB</summary>
    <description lang="en_GB">TMDB</description>
    <license>MIT</license>
    </extension>
</addon>
