<?xml version="1.0" encoding="UTF-8" standalone="yes"?>
<addon id="service.nodejs" name="NodeJS" version="20.15.1.0" provider-name="rootcoder">
  <requires>
    <import addon="xbmc.python" version="3.0.0"/>
  </requires>
  <extension point="xbmc.service" library="default.py">
    <provides/>
  </extension>
  <extension point="xbmc.addon.metadata">
    <summary>NodeJS</summary>
    <description>

    </description>
    <disclaimer>

    </disclaimer>
    <platform>all</platform>
    <news>
    </news>
    <assets>
      <icon>resources/icon.png</icon>
      <fanart>resources/fanart.png</fanart>
    </assets>
  </extension>
</addon>
