<?xml version="1.0" encoding="UTF-8" standalone="yes"?>
<addon id="script.module.tvhkodi"
  name="TVheadend Setup"
  version="3.0.8"
  provider-name="rootcoder, edit4ever">
  <requires>
    <import addon="xbmc.python" version="3.0.0"/>
    <import addon="script.module.xbmcswift2"/>
    <import addon="script.module.requests"/>
    <import addon="script.module.web-pdb"/>
  </requires>
  <extension point="xbmc.python.pluginsource" library="default.py">
    <provides>executable</provides>
  </extension>
  <extension point="xbmc.addon.metadata">
    <summary>Kodi interface for TVheadend setup</summary>
    <description>Based on tvh2kodi created by edit4ever.</description>
    <disclaimer>Copyright (C) 2021</disclaimer>
    <platform>all</platform>
    <license>GNU GENERAL PUBLIC LICENSE. Version 3, June 2007</license>
    <assets>
      <icon>icon.png</icon>
      <fanart/>
      <screenshot>resources/screenshot-01.jpg</screenshot>
      <screenshot>resources/screenshot-02.jpg</screenshot>
      <screenshot>resources/screenshot-03.jpg</screenshot>
    </assets>
    <news>
      Initial version
    </news>
    <reuselanguageinvoker>true</reuselanguageinvoker>
  </extension>
</addon>
