<?xml version="1.0" encoding="UTF-8"?>
<window id="3301" type="dialog">
	<defaultcontrol always="true">3000</defaultcontrol>
    <zorder>2</zorder>
	<coordinates>
		<system>1</system>
		<left>450</left>
		<top>280</top>
	</coordinates>
    <controls>

        <control type="image" id="3010">
			<left>0</left>
			<top>0</top>
			<width>380</width>
			<height>100</height>
			<texture border="40">bg.png</texture>
		</control>

		<control type="label" id="3020">
			<width>120</width>
			<left>20</left>
			<top>5</top>
			<height>45</height>
			<label>Bitrate : </label>
			<textcolor>99FFFFFF</textcolor>
			<font>font14</font>
			<align>left</align>
		</control>

		<control type="label" id="3030">
			<width>150</width>
			<left>120</left>
			<top>5</top>
			<height>45</height>
			<label>100 Mbs</label>
			<textcolor>99FFFFFF</textcolor>
			<font>font14</font>
			<align>left</align>
		</control>

		<control type="slider" id="3000">
		  <left>20</left>
		  <top>55</top>
		  <width>340</width>
		  <height>30</height>
		  <visible>true</visible>
		</control>

	</controls>
</window>