<?xml version="1.0" encoding="UTF-8" standalone="yes"?>
<addon id="plugin.video.torresmo"
    name="Torresmo"
    version="1.0.0"
    provider-name="rootcoder">
    <requires>
        <import addon="xbmc.python" version="3.0.0"/>
        <import addon="script.module.requests" version="2.27.1+matrix.1"/>
  
    </requires>
    <extension point="xbmc.python.pluginsource" library="main.py">
        <provides>video</provides>
    </extension>
    <extension point="xbmc.addon.metadata">
        <summary lang="en_GB">Streaming torrent</summary>
        <platform>all</platform>      
        <assets>
            <icon>logo.png</icon>
        </assets>
    </extension>
</addon>

