<?xml version="1.0" encoding="UTF-8" standalone="yes"?>
<addon id="service.torresmo"
    name="Torresmo"
    version="1.0.0"
    provider-name="rootcoder">
    <requires>
        <import addon="xbmc.python" version="3.0.0"/>
    </requires>
     <extension point="xbmc.service" library="default.py">
    <provides>executable</provides>
  </extension>
    <extension point="xbmc.addon.metadata">
        <summary lang="en_GB">Streaming torrent-to-http</summary>
        <platform>all</platform>      
        <assets>
            <icon>logo.png</icon>
        </assets>
    </extension>
</addon>

