<?xml version="1.0" encoding="UTF-8" standalone="yes"?>
<addon id="tools.ffmpeg-tools"
       name="FFmpeg Tools"
       version="12.80.0.1"
       provider-name="Team LibreELEC">
  <requires>
    <import addon="xbmc.python" version="3.0.0"/>

  </requires>
  <extension point="xbmc.python.script" library="default.py">
    <provides></provides>
  </extension>
  <extension point="xbmc.addon.metadata">
    <summary>FFmpeg binary for audio/video manipulating.</summary>
    <description>
FFmpeg binary for transcoding and audio/video manipulating.
    </description>
    <disclaimer>

    </disclaimer>
    <platform>all</platform>
    <news>
initial release
    </news>
    <assets>
      <icon>resources/icon.png</icon>
      <fanart>resources/fanart.png</fanart>

    </assets>
  </extension>
</addon>
