<?xml version="1.0" encoding="UTF-8" standalone="yes"?>
<addon id="service.tvheadend43" name="Tvheadend Server 4.3" version="11.80.6.5" provider-name="Team LibreELEC">
  <requires><import addon="xbmc.python" version="3.0.0"/>

  </requires>
  <extension point="xbmc.service" library="default.py">
    <provides></provides>
  </extension>
  <extension point="xbmc.python.script" library="download.py">
    <provides></provides>
  </extension>
  <extension point="xbmc.addon.metadata">
    <summary>Tvheadend: a TV streaming server for Linux</summary>
    <description>
Tvheadend (4.3-2180): is a TV streaming server for Linux supporting DVB-S/S2, DVB-C, DVB-T/T2, IPTV, SAT>IP, ATSC and ISDB-T
    </description>
    <disclaimer>

    </disclaimer>
    <platform>all</platform>
    <news>
initial release
    </news>
    <assets><icon>resources/icon.png</icon><fanart>resources/fanart.png</fanart>
<screenshot>resources/screenshot-01.png</screenshot>
<screenshot>resources/screenshot-02.png</screenshot>
<screenshot>resources/screenshot-03.png</screenshot>
<screenshot>resources/screenshot-04.png</screenshot>

    </assets>
  </extension>
</addon>
