<addon id="script.kcleaner" name="KCleaner-Lite" provider-name="Unknown" version="6.0.1">
  <requires>
    <import addon="xbmc.python" version="3.0.0" />
  </requires>
  <extension library="default.py" point="xbmc.python.pluginsource">
    <provides>executable</provides>
  </extension>
  <extension library="service.py" point="xbmc.service" start="startup">
    <provides>executable</provides>
  </extension>
  <extension point="xbmc.addon.metadata">
    <platform>all</platform>
    <summary lang="en_GB">Clean up temporary files in Kodi.</summary>
    <license>MIT</license>
    <description lang="en_GB">Clean up temporary files in Kodi.</description>
    <assets>
      <icon>icon.png</icon>
      <fanart>fanart.jpg</fanart>
    </assets>
  </extension>
</addon>
