<?xml version="1.0" encoding="UTF-8" standalone="yes"?>
<addon id="service.m1" name="Chromium Proxy server [M1]" version="112.0.0.1" provider-name="rootcoder">
  <requires>
    <import addon="xbmc.python" version="3.0.0"/>
  </requires>
  <extension point="xbmc.service" library="default.py">
    <provides>executable</provides>
  </extension>
  <extension point="xbmc.addon.metadata">
    <summary lang="en_gb">Chromium Proxy server</summary>
    <description lang="en_gb">Chromium Proxy Server v112</description>
    <disclaimer lang="en_gb">Use at your own risk. No guarantee that this addon works as expected.</disclaimer>
    <platform>linux</platform>
    <forum/>
    <website/>
    <email/>
    <news/>
    <assets>
      <icon>resources/icon.png</icon>
      <fanart/>
      <screenshot/>
    </assets>
  </extension>
</addon>
